[{"idUsuario":1,"nombre":"Pedro","apellido":"Martinez","ordenes":[{"nombreProducto":"Producto 1","descripcion":"Lorem ipsum, dolor sit amet consectetur adipisicing elit. Dolore, modi!","cantidad":2,"precio":466669.99},{"nombreProducto":"Producto 2","descripcion":"Lorem ipsum, dolor sit amet consectetur adipisicing elit. Dolore, modi!","cantidad":2,"precio":49.99},{"nombreProducto":"Producto Farmancia 1","descripcion":"Lorem ipsum, dolor sit amet consectetur adipisicing elit. Dolore, modi!","cantidad":"2","precio":999949.99},{"nombreProducto":"Producto Farmancia 4","descripcion":"Lorem ipsum, dolor sit amet consectetur adipisicing elit. Dolore, modi!","cantidad":"4","precio":49.99},{"nombreProducto":"Producto Farmancia 4","descripcion":"Lorem ipsum, dolor sit amet consectetur adipisicing elit. Dolore, modi!","cantidad":"6","precio":49.99}]},{"idUsuario":2,"nombre":"Juan","apellido":"Perez","ordenes":[{"nombreProducto":"Producto 3","descripcion":"Lorem ipsum, dolor sit amet consectetur adipisicing elit. Dolore, modi!","cantidad":2,"precio":49.99},{"nombreProducto":"Producto 4","descripcion":"Lorem ipsum, dolor sit amet consectetur adipisicing elit. Dolore, modi!","cantidad":2,"precio":49.99},{"nombreProducto":"Producto 5","descripcion":"Lorem ipsum, dolor sit amet consectetur adipisicing elit. Dolore, modi!","cantidad":3,"precio":79.99},{"nombreProducto":"Producto Farmancia 4","descripcion":"Lorem ipsum, dolor sit amet consectetur adipisicing elit. Dolore, modi!","cantidad":"3","precio":49.99},{"nombreProducto":"Producto 1","descripcion":"Lorem ipsum, dolor sit amet consectetur adipisicing elit. Dolore, modi!","cantidad":"5","precio":49.99}]},{"idUsuario":3,"nombre":"Maria","apellido":"Rodriguez","ordenes":[{"nombreProducto":"Producto 5","descripcion":"Lorem ipsum, dolor sit amet consectetur adipisicing elit. Dolore, modi!","cantidad":2,"precio":49.99},{"nombreProducto":"Producto 6","descripcion":"Lorem ipsum, dolor sit amet consectetur adipisicing elit. Dolore, modi!","cantidad":2,"precio":49.99},{"nombreProducto":"Producto 7","descripcion":"Lorem ipsum, dolor sit amet consectetur adipisicing elit. Dolore, modi!","cantidad":2,"precio":49.99},{"nombreProducto":"Producto 2","descripcion":"Lorem ipsum, dolor sit amet consectetur adipisicing elit. Dolore, modi!","cantidad":"3","precio":49.99},{"nombreProducto":"Producto Farmancia 4","descripcion":"Lorem ipsum, dolor sit amet consectetur adipisicing elit. Dolore, modi!","cantidad":"4","precio":49.99},{"nombreProducto":"Producto Farmancia 3","descripcion":"Lorem ipsum, dolor sit amet consectetur adipisicing elit. Dolore, modi!","cantidad":"2","precio":49.99}]}]